{
  "island.music.hitw": {
    "sounds": [
      "island:hitw"
    ]
  },
  "island.music.tgttos": {
    "sounds": [
      "island:tgttos"
    ]
  },
  "island.music.battle_box": {
    "sounds": [
      "island:battle_box"
    ]
  },
  "island.music.sky_battle": {
    "sounds": [
      "island:sky_battle"
    ]
  },
  "island.music.parkour_warrior": {
    "sounds": [
      "island:parkour_warrior"
    ]
  },
  "island.music.classic_hitw": {
    "sounds": [
      "island:spacewall"
    ]
  }
}